year|rid|agency|inst_type|cra_filer|id_tax|id_rssd|id_fdic_cert|id_ncua|id_occ|domain_t1|domain_t2|domain_t3|nm_lgl|state_abbr_nm|city|state_cd|hmda_filer|p_rid|p_rssd|p_name|p_city|p_state|assets|olc|top_holder|top_holder_name|top_holder_city|top_holder_state|top_holder_country
2017|Bank0_RID|9|1|1|b0-testtaxid|0|7999998|8999998|9999998|bank0.com|bank0.com|bank0.com|bank-0 National Association|CA|Davis|06|1|Bank0_Parent_RID|6999988|Bank0-parent|Somewhereville|CA|100000|0|-1||||
2017|Bank1_RID|9|1|1|b1-testtaxid|1|7999999|8999999|9999999|bank1.com|bank1.com|bank1.com|bank-1 Mortgage Lending|DC|Washington|11|1|Bank1_Parent_RID|6999989|Bank1-parent|Elsewheretown|DC|200000|0|-1||||
2017|1253|1|1|-1|140486153|505|6959|0|1253||bsnb.com|bsnb.com|BALLSTON SPA NATIONAL BANK|NY|BALLSTON SPA|36|1|-1|1048728|BALLSTON SPA BANCORP, INC.|BALLSTON SPA|NY|442206|0|-1||||
2017|15359|1|1|1|830202762|1454|19184|0|15359||HILLTOPNATIONALBANK.COM|HILLTOPNATIONALBANK.COM|HILLTOP NATIONAL BANK|WY|CASPER|56|1|-1|1054840|MIDLAND FINANCIAL CORPORATION|CASPER|WY|849481|0|-1||||
2017|13541|1|1|-1|750393555|1669|3384|0|13541||||LIBERTY NATIONAL BANK IN PARIS, THE|TX|PARIS|48|1|-1|2465283|PARIS BANCSHARES, INC.|PARIS|TX|264641|0|-1||||
2017|17106|1|1|-1|751768645|2161|23597|0|17106||||LAMAR NATIONAL BANK|TX|PARIS|48|1|-1|1136906|LAMAR BANCORPORATION, INC.|PARIS|TX|136638|0|-1||||
2017|14688|1|1|-1|362245476|2732|17230|0|14688||ALBANYBANK.COM|ALBANYBANK.COM|ALBANY BANK & TRUST CO., NATIONAL ASSOCIATION|IL|CHICAGO|17|1|-1|1208933|ALBANK CORPORATION|CHICAGO|IL|553258|0|-1||||
2017|702518|1|5|-1|410325766|3971|28865|0|702518||midcountrybank.com|MIDCOUNTRYBANK.COM|MIDCOUNTRY BANK|IL|MARION|17|1|-1|3839902|MIDCOUNTRY FINANCIAL CORP|MACON|GA|796545|0|-1||||
2017|702528|1|5|-1|0|7072|28870|0|702528||||WALLKILL VALLEY FEDERAL SAVINGS AND LOAN ASSOCIATION|NY|WALLKILL|36|1|-1|-1||||195474|0|-1||||
2017|15284|1|1|-1|640415725|11640|19070|0|15284||||FIRST NATIONAL BANK OF CLARKSDALE|MS|CLARKSDALE|28|1|-1|1097100|FIRST VALLEY NATIONAL CORP.|CLARKSDALE|MS|348843|0|-1||||
2017|16258|1|1|-1|581645593|12030|17011|0|16258||||FIRST NATIONAL BANK SOUTH|GA|ALMA|13|1|-1|1134041|FIRST BANK SHARES OF THE SOUTH EAST, INC.|ALMA|GA|349516|0|-1||||
2017|20838|1|1|-1|731235515|17259|26260|0|20838||||FIRST NATIONAL BANK IN MARLOW, THE|OK|MARLOW|40|1|-1|2096164|LEADER FIRST BANCORP, INC.|MARLOW|OK|63997|0|-1||||
2017|10844|1|1|-1|830129675|17950|2224|0|10844||BANKOFREDLODGE.COM|BANKOFREDLODGE.COM|BANK OF BRIDGER, NATIONAL ASSOCIATION|MT|BRIDGER|30|1|-1|1122310|BRIDGER COMPANY, THE|BRIDGER|MT|379051|0|-1||||
2017|704307|1|5|-1|0|17978|29904|0|704307||||ELIZABETHTON FEDERAL SAVINGS BANK|TN|ELIZABETHTON|47|1|-1|-1||||310482|0|-1||||
2017|4093|1|1|-1|740501835|18050|3091|0|4093||FNBBASTROP.COM|FNBBASTROP.COM|FIRST NATIONAL BANK OF BASTROP, THE|TX|BASTROP|48|1|-1|2410313|BASTROP HOLDINGS, INC.|WILMINGTON|DE|522672|0|-1||||
2017|24430|1|1|-1|362551990|18135|19536|0|24430||BANKSOUTHCENTRAL.COM|BANKSOUTHCENTRAL.COM|SOUTH CENTRAL BANK, NATIONAL ASSOCIATION|IL|CHICAGO|17|1|-1|1889547|FIRST BUSINESS BANCORP CO.|CHICAGO|IL|271694|0|-1||||
2017|5073|1|1|-1|250660700|18827|7900|0|5073||NEXTIERBANK.COM|nextierbank.com|NEXTIER BANK, NA|PA|KITTANNING|42|1|-1|2264404|NEXTIER INCORPORATED|KITTANNING|PA|1143568|0|-1||||
2017|6906|1|1|-1|410308563|23456|5162|0|6906||||FIRST NATIONAL BANK OF HENNING, THE|MN|OTTERTAIL|27|1|-1|1125290|HENNING BANCSHARES, INC.|HENNING|MN|114194|0|-1||||
2017|9669|1|1|1|112934194|23504|6976|0|9669||BRIDGENB.COM|BRIDGENB.COM|BRIDGEHAMPTON NATIONAL BANK, THE|NY|BRIDGEHAMPTON|36|1|-1|1416523|BRIDGE BANCORP, INC.|BRIDGEHAMPTON|NY|4054002|0|-1||||
2017|11412|1|1|-1|390501178|23755|5357|0|11412||FN-CB.COM|FN-CB.COM|FIRST NATIONAL COMMUNITY BANK|WI|NEW RICHMOND|55|1|-1|1124118|ONE CORPORATION|NEW RICHMOND|WI|201689|0|-1||||
2017|10646|1|1|-1|750510713|24668|3402|0|10646||BTHBANK.COM|BANKTEXAS.ORG|BTH BANK NATIONAL ASSOCIATION|TX|QUITMAN|48|1|-1|3488681|BT HOLDINGS, INC.|QUITMAN|TX|1198938|0|-1||||
2017|14397|1|1|-1|390148750|24949|12788|0|14397||BARABOONATIONAL.COM|BARABOONATIONAL.COM|BARABOO NATIONAL BANK, THE|WI|BARABOO|55|1|-1|1209248|BARABOO BANCORPORATION, INC., THE|BARABOO|WI|423497|0|-1||||
2017|705141|1|5|-1|951520055|26176|30306|0|705141||BROADWAYFEDERALBANK.COM|BROADWAYFEDERALBANK.COM|BROADWAY FEDERAL BANK, F.S.B.|CA|LOS ANGELES|6|1|-1|3260841|BROADWAY FINANCIAL CORPORATION|LOS ANGELES|CA|426686|0|-1||||
2017|20412|1|1|-1|710354655|26242|18979|0|20412||GOIFB.COM|GOIFB.COM|INTEGRITY FIRST BANK, NATIONAL ASSOCIATION|AR|MOUNTAIN HOME|5|1|-1|1098415|MOUNTAIN HOME BANCSHARES, INC.|MOUNTAIN HOME|AR|454606|0|-1||||
2017|703235|1|5|-1|0|27070|29294|0|703235||||TIME FEDERAL SAVINGS BANK|WI|MEDFORD|55|1|-1|-1||||605441|0|-1||||
2017|718063|1|5|1|135578494|28013|28710|0|718063||enorthfield.com|enorthfield.com|NORTHFIELD BANK|NY|STATEN ISLAND|36|1|-1|3132863|NORTHFIELD BANCORP, INC.|WOODBRIDGE|NJ|3851026|0|-1||||
2017|4238|1|1|-1|740505903|28255|3095|0|4238||FNBSOTX.COM|FNBSOTX.COM|FIRST NATIONAL BANK OF BEEVILLE, THE|TX|BEEVILLE|48|1|-1|1130771|FIRST BEEVILLE FINANCIAL CORPORATION|BEEVILLE|TX|320428|0|-1||||
2017|705138|1|5|1|0|29878|30303|0|705138||||MASPETH FEDERAL SAVINGS AND LOAN ASSOCIATION|NY|MASPETH|36|1|-1|-1||||1782487|0|-1||||
2017|7899|1|1|-1|580242975|31134|2160|0|7899||FNBWAYNESBORO.COM|FNBWAYNESBORO.COM|FIRST NATIONAL BANK OF WAYNESBORO, THE|GA|WAYNESBORO|13|1|-1|1137752|FIRST BURKE BANKING COMPANY|WAYNESBORO|GA|132065|0|-1||||
2017|9924|1|1|-1|540345618|31826|6863|0|9924||POWELLVALLEYBANK.COM|POWELLVALLEYBANK.COM|POWELL VALLEY NATIONAL BANK|VA|JONESVILLE|51|1|-1|1249271|POWELL VALLEY BANKSHARES, INC.|JONESVILLE|VA|273898|0|-1||||
2017|702578|1|5|-1|0|32971|28894|0|702578||||SECURITY FEDERAL SAVINGS BANK|IN|LOGANSPORT|18|1|-1|-1||||246883|0|-1||||
2017|14838|1|1|1|590193820|34537|131|0|14838||seacoastbank.com|seacoastbank.com|SEACOAST NATIONAL BANK|FL|STUART|12|1|-1|1085013|SEACOAST BANKING CORPORATION OF FLORIDA|STUART|FL|4680554|0|-1||||
2017|9807|2|2|1|221294443|9807|6423|0|0||AMBOYBANK.COM|AMBOYBANK.COM|AMBOY BANK|NJ|OLD BRIDGE|34|1|-1|2611718|AMBOY BANCORPORATION|OLD BRIDGE|NJ|2432056|0|-1||||
2017|12946|2|2|-1|710054330|12946|1291|0|0||MYFBTBANK.COM|MYFBTBANK.COM|FARMERS BANK &amp; TRUST COMPANY|AR|MAGNOLIA|5|1|-1|1135413|MAGNOLIA BANKING CORPORATION|MAGNOLIA|AR|1317074|0|-1||||
2017|16748|2|2|-1|350289270|16748|13104|0|0||ESBANC.COM|ESBANC.COM|ELBERFELD STATE BANK, THE|IN|ELBERFELD|18|1|-1|3105568|ESB BANCORP, INC.|ELBERFELD|IN|83272|0|-1||||
2017|18854|2|2|-1|730241651|18854|4147|0|0||BANK7.COM|BANK7.COM|BANK 7|OK|OKLAHOMA CITY|40|1|-1|3256134|HAINES FINANCIAL CORP|OKLAHOMA CITY|OK|613819|0|-1||||
2017|24453|2|2|-1|830260032|24453|24334|0|0||||ROCKY MOUNTAIN BANK|WY|JACKSON|56|1|-1|4365529|TETON FINANCIAL SERVICES, LLC|WILSON|WY|279504|0|-1||||
2017|26765|2|2|-1|740856797|26765|3405|0|0||VANTAGEBANK.COM|VANTAGEBANK.COM|VANTAGE BANK TEXAS|TX|SAN ANTONIO|48|1|-1|3551080|VANTAGE BANCORP, INC.|SAN ANTONIO|TX|488944|0|-1||||
2017|27614|2|2|-1|341436056|27614|10663|0|0||andoverbankohio.com|andoverbankohio.com|ANDOVER BANK, THE|OH|ANDOVER|39|1|-1|1071913|ANDOVER BANCORP, INC.|ANDOVER|OH|399525|0|-1||||
2017|27847|2|2|-1|710141380|27847|1527|0|0||DIAMONDBANKING.COM|DIAMONDBANKING.COM|DIAMOND BANK|AR|MURFREESBORO|5|1|-1|1491333|BAINUM BANCORP|GLENWOOD|AR|528082|0|-1||||
2017|31255|2|2|-1|741249903|31255|17612|0|0||CBHOU.COM|CBHOU.COM|CENTRAL BANK|TX|HOUSTON|48|1|-1|1106468|CENTRAL BANCSHARES, INC.|HOUSTON|TX|608513|0|-1||||
2017|33147|2|2|-1|710054314|33147|1027|0|0||fbtbly.ocm|FBTBLY.COM|FARMERS BANK AND TRUST COMPANY|AR|BLYTHEVILLE|5|1|-1|1247615|FARMERS BANCORP INC.|BLYTHEVILLE|AR|473604|0|-1||||
2017|34425|2|2|-1|540132730|34425|11200|0|0||BANKLANC.COM||BANK OF LANCASTER|VA|KILMARNOCK|51|1|-1|2560665|BAY BANKS OF VIRGINIA, INC.|KILMARNOCK|VA|483134|0|-1||||
2017|34742|2|2|-1|710031220|34742|13083|0|0|||fwbank.com|FIRST WESTERN BANK|AR|BOONEVILLE|5|1|-1|1100091|FIRST WESTERN BANCSHARES, INC.|BOONEVILLE|AR|358673|0|-1||||
2017|41245|2|2|-1|390273490|41245|15173|0|0||ORFORDBANK.COM|ORFORDBANK.COM|FARMERS & MERCHANTS BANK OF ORFORDVILLE|WI|ORFORDVILLE|55|1|-1|-1||||50843|0|-1||||
2017|41629|2|2|-1|540208079|41629|6913|0|0||PIONEERBKS.COM|PIONEERBKS.COM|PIONEER BANK|VA|STANLEY|51|1|-1|1076422|PIONEER BANKSHARES, INC.|STANLEY|VA|189687|0|-1||||
2017|45551|2|2|-1|410256760|45551|5170|0|0||||BANK MIDWEST|IA|SPIRIT LAKE|19|1|-1|1203714|GOODENOW BANCORPORATION|OKOBOJI|IA|818053|0|-1||||
2017|48374|2|2|-1|710056740|48374|28905|0|0||ffb1.com|ffb1.com|FIRST FINANCIAL BANK|AR|EL DORADO|5|1|-1|2568102|FIRST FINANCIAL BANC CORPORATION|EL DORADO|AR|916921|0|-1||||
2017|50957|2|2|-1|480444515|50957|1149|0|0||ALTERRABANK.COM|ALTERRABANK.COM|ALTERRA BANK|KS|LEAWOOD|20|1|-1|1247428|FIRST BUSINESS FINANCIAL SERVICES, INC.|MADISON|WI|266289|0|-1||||
2017|56557|2|2|1|840742323|56557|22683|0|0||COBIZFINANCIAL.COM|COBIZFINANCIAL.COM|COBIZ BANK|CO|DENVER|8|1|-1|1060328|COBIZ FINANCIAL, INC.|DENVER|CO|3593528|0|-1||||
2017|58243|2|2|1|391141446|58243|20296|0|0||johnsonbank.com|johnsonbank.com|JOHNSON BANK|WI|RACINE|55|1|-1|1490701|JOHNSON FINANCIAL GROUP, INC.|RACINE|WI|4453590|0|-1||||
2017|63573|2|2|-1|0|63573|26487|0|0||||WALPOLE CO-OPERATIVE BANK|MA|WALPOLE|25|1|-1|-1||||467665|0|-1||||
2017|64150|2|2|-1|830117330|64150|8718|0|0||WyomingBank.com|WYOMINGBANK.COM|WYOMING BANK & TRUST|WY|CHEYENNE|56|1|-1|1061996|FARMERS STATE BANKSHARES, INC.|CHEYENNE|WY|168463|0|-1||||
2017|64552|2|2|-1|730242063|64552|11521|0|0||BANK2ONLINE.COM|BANK2ONLINE.COM|BANK2|OK|OKLAHOMA CITY|40|1|-1|3045721|CHICKASAW BANC HOLDING COMPANY|OKLAHOMA CITY|OK|136031|0|-1||||
2017|66154|2|2|-1|620179380|66154|6101|0|0||DECATURCOUNTYBANK.COM|DECATURCOUNTYBANK.COM|DECATUR COUNTY BANK|TN|DECATURVILLE|47|1|-1|2201883|DECATUR BANCSHARES, INC|DECATURVILLE|TN|88528|0|-1||||
2017|68840|2|2|-1|390273870|68840|15177|0|0||UB-T.COM|UB-T.COM|UNION BANK & TRUST COMPANY|WI|EVANSVILLE|55|1|-1|1209501|UNION BANCORP OF EVANSVILLE, INC.|EVANSVILLE|WI|234071|0|-1||||
2017|74140|2|2|1|380681630|74140|1005|0|0||ISABELLABANK.COM|ISABELLABANK.COM|ISABELLA BANK|MI|MOUNT PLEASANT|26|1|-1|1401118|ISABELLA BANK CORPORATION|MOUNT PLEASANT|MI|1677874|0|-1||||
2017|77422|2|2|-1|541322807|77422|26871|0|0||||COMMUNITY BANKERS' BANK|VA|MIDLOTHIAN|51|1|-1|3848632|CBB FINANCIAL CORP.|MIDLOTHIAN|VA|124470|0|-1||||
2017|85052|2|2|-1|830151940|85052|1167|0|0||||UINTA BANK|WY|MOUNTAIN VIEW|56|1|-1|3272554|UCSB FINANCIAL CORPORATION|MOUNTAIN VIEW|WY|149769|0|-1||||
2017|87047|2|2|-1|350310570|87047|12836|0|0||PORTERSTATEBANK.COM|PORTERSTATEBANK.COM|FIRST STATE BANK OF PORTER|IN|PORTER|18|1|-1|-1||||142499|0|-1||||
2017|94522|2|2|-1|541393963|94522|20484|0|0||BCBONLINE.COM||BENCHMARK COMMUNITY BANK|VA|KENBRIDGE|51|1|-1|1141441|BENCHMARK BANKSHARES, INC.|KENBRIDGE|VA|568492|0|-1||||
2017|94858|2|2|-1|440146570|94858|8251|0|0||ADRIANBANK.COM|ADRIANBANK.COM|ADRIAN BANK|MO|ADRIAN|29|1|-1|1399505|ADRIAN BANCSHARES, INC.|ADRIAN|MO|139527|0|-1||||
2017|10057|3|3|-1|0|37|10057|0|0||||BANK OF HANCOCK COUNTY|GA|SPARTA|13|1|-1|-1||||85637|0|-1||||
2017|17639|3|3|-1|470423910|1155|17639|0|0||||FIRST STATE BANK & TRUST COMPANY|NE|FREMONT|31|1|-1|1247231|FIRST STATE FREMONT, INC.|FREMONT|NE|229129|0|-1||||
2017|6058|3|3|-1|250315543|1829|6058|0|0|||AVBPGH.COM|ALLEGHENY VALLEY BANK OF PITTSBURGH|PA|PITTSBURGH|42|1|-1|1247419|ALLEGHENY VALLEY BANCORP, INC.|PITTSBURGH|PA|438010|0|-1||||
2017|28866|3|3|1|0|2376|28866|0|0||||ORITANI BANK|NJ|TOWNSHIP OF WASHINGTON|34|1|-1|2692892|ORITANI FINANCIAL CORP|TOWNSHIP OF WASHINGTON|NJ|4011453|0|-1||||
2017|15671|3|3|-1|0|3720|15671|0|0||||BANK OF CLARENDON, THE|SC|MANNING|45|1|-1|-1||||262015|0|-1||||
2017|13157|3|3|-1|480435920|4156|13157|0|0||KANZABANK.COM|KANZABANK.COM|KANZA BANK|KS|KINGMAN|20|1|-1|2325369|KANZA FINANCIAL CORPORATION|KINGMAN|KS|212480|0|-1||||
2017|11694|3|3|-1|362003337|4839|11694|0|0||ABCBANK.NET|ABCBANK.NET|AUSTIN BANK OF CHICAGO|IL|CHICAGO|17|1|-1|1143641|GREATER CHICAGO FINANCIAL CORP.|CHICAGO|IL|326324|0|-1||||
2017|24332|3|3|-1|0|5069|24332|0|0||||FIRST CREDIT BANK|CA|WEST HOLLYWOOD|6|1|-1|-1||||494690|0|-1||||
2017|15496|3|3|-1|580243255|5135|15496|0|0||FSBANKS.COM|FSBANKS.COM|FIRST STATE BANK OF BLAKELY|GA|BLAKELY|13|1|-1|1139840|FIRST STATE BANCSHARES OF BLAKELY, INC.|BLAKELY|GA|438903|0|-1||||
2017|7506|3|3|1|230581360|5210|7506|0|0||acnb.com|ACNB.COM|ACNB BANK|PA|GETTYSBURG|42|1|-1|1117464|ACNB CORPORATION|GETTYSBURG|PA|1194547|0|-1||||
2017|19434|3|3|-1|941597144|5461|19434|0|0||BANKBAC.COM|BANKBAC.COM|BAC COMMUNITY BANK|CA|STOCKTON|6|1|-1|3033746|BAC FINANCIAL INC.|STOCKTON|CA|582733|0|-1||||
2017|15194|3|3|-1|480292810|5751|15194|0|0||||KEARNY COUNTY BANK|KS|LAKIN|20|1|-1|1061594|LAKIN BANCSHARES, INC.|LAKIN|KS|202344|0|-1||||
2017|9923|3|3|-1|570115230|6329|9923|0|0||ABBANK.COM|ABBANK.COM|ANDERSON BROTHERS BANK|SC|MULLINS|45|1|-1|1138197|ANDERSON BANCSHARES, INC.|MULLINS|SC|615896|0|-1||||
2017|5779|3|3|-1|350201080|7045|5779|0|0||||PEOPLES BANK, THE|IN|BROWNSTOWN|18|1|-1|1130409|TPB BANCORP|BROWNSTOWN|IN|197492|0|-1||||
2017|23090|3|3|-1|720875048|8033|23090|0|0||THEFRIENDLYBANK.COM|THEFRIENDLYBANK.COM|PEOPLES BANK AND TRUST COMPANY OF POINTE COUPEE PARISH|LA|NEW ROADS|22|1|-1|1084883|PEOPLES BANCSHARES OF POINTE COUPEE PARISH, INC.|NEW ROADS|LA|237273|0|-1||||
2017|20268|3|3|-1|410964356|9357|20268|0|0||||FIDELITY BANK|MN|EDINA|27|1|-1|3362923|FIDELITY HOLDING COMPANY|MINNETONKA|MN|497823|0|-1||||
2017|14311|3|3|-1|470087660|9553|14311|0|0||||ADAMS COUNTY BANK|NE|KENESAW|31|1|-1|1053870|FIRST KENESAW COMPANY|KENESAW|NE|167677|0|-1||||
2017|1607|3|3|-1|410138420|10250|1607|0|0||THEBANKOFELKRIVER.COM|THEBANKOFELKRIVER.COM|BANK OF ELK RIVER, THE|MN|ELK RIVER|27|1|-1|3027268|METRO NORTH BANCSHARES, INC.|ELK RIVER|MN|393607|0|-1||||
2017|15050|3|3|-1|710057050|10849|15050|0|0||FIRSTSTATEBK.COM|FIRSTSTATEBK.COM|FIRST STATE BANK|AR|LONOKE|5|1|-1|1491614|LONOKE BANCSHARES, INC.|LONOKE|AR|267893|0|-1||||
2017|12201|3|3|-1|640137210|12142|12201|0|0||||CLEVELAND STATE BANK, THE|MS|CLEVELAND|28|1|-1|1913684|CLEVELAND STATE BANCORP, INC.|CLEVELAND|MS|224575|0|-1||||
2017|10012|3|3|-1|390545710|12647|10012|0|0||||PORTAGE COUNTY BANK|WI|ALMOND|55|1|-1|1141133|PORTAGE COUNTY BANCSHARES, INC.|ALMOND|WI|171841|0|-1||||
2017|20226|3|3|-1|362696220|12937|20226|0|0||oakbank.com|oakbank.com|OAK BANK|IL|CHICAGO|17|1|-1|1201644|RUSH-OAK CORPORATION|CHICAGO|IL|194179|0|-1||||
2017|21704|3|3|-1|470554694|12955|21704|0|0||bankofnebraska.com|BANKOFNEBRASKA.COM|BANK OF NEBRASKA|NE|LA VISTA|31|1|-1|1066900|FINANCIAL BANCSHARES, INC.|LA VISTA|NE|155930|0|-1||||
2017|23622|3|3|1|43317338|13103|23622|0|0||BCSBMAIL.COM|BCSBMAIL.COM|BRISTOL COUNTY SAVINGS BANK|MA|TAUNTON|25|1|-1|2388878|BEACON BANCORP|TAUNTON|MA|1866087|0|-1||||
2017|9042|3|3|-1|390431610|14052|9042|0|0||||LINCOLN COMMUNITY BANK|WI|MERRILL|55|1|-1|2235598|UNITED BANCORPORATION|OSSEO|WI|68163|0|-1||||
2017|9378|3|3|-1|440241410|14155|9378|0|0||fandcbank.com||F & C BANK|MO|HOLDEN|29|1|-1|2168931|F&amp;C BANCORP, INC.|HOLDEN|MO|186818|0|-1||||
2017|16243|3|3|-1|930326895|14865|16243|0|0||||BANK OF EASTERN OREGON|OR|HEPPNER|41|1|-1|2615154|BEO BANCORP|HEPPNER|OR|382103|0|-1||||
2017|10956|3|3|-1|410257370|16551|10956|0|0||NORTHVIEWBANK.COM|NORTHVIEWBANK.COM|NORTHVIEW BANK|MN|SANDSTONE|27|1|-1|1126037|FINLAYSON BANCSHARES, INC.|FINLAYSON|MN|328148|0|-1||||
2017|4365|3|3|1|350508403|17147|4365|0|0||firstmerchants.com|firstmerchants.com|FIRST MERCHANTS BANK|IN|MUNCIE|18|1|-1|1208559|FIRST MERCHANTS CORPORATION|MUNCIE|IN|7178756|0|-1||||
2017|22407|3|3|1|930658404|17464|22407|0|0||botc.com|botc.com|BANK OF THE CASCADES|OR|BEND|41|1|-1|1848003|CASCADE BANCORP|BEND|OR|3071084|0|-1||||
2017|4584|5|6|-1|741110192|774|0|4584|0||atfcu.org|atfcu.org|AUSTIN TELCO FEDERAL CREDIT UNION|TX|AUSTIN|48|1|-1|-1||||1419321|0|-1||||
2017|24566|5|6|-1|46051174|792|0|24566|0||MASSMUTUALFCU.ORG|MASSMUTUALFCU.ORG|MASSMUTUAL FEDERAL CREDIT UNION|MA|SPRINGFIELD|25|1|-1|-1||||234379|0|-1||||
2017|24567|5|6|-1|750855143|1098|0|24567|0||GOTEXAR.COM|GOTEXAR.COM|TEXAR FEDERAL CREDIT UNION|TX|TEXARKANA|48|1|-1|-1||||350236|0|-1||||
2017|66734|5|6|-1|910581775|1892|0|66734|0||NORTHCOASTCU.COM|NORTHCOASTCU.COM|NORTH COAST CREDIT UNION|WA|BELLINGHAM|53|1|-1|-1||||227689|0|-1||||
2017|67892|5|6|-1|586038163|1995|0|67892|0||WORKMENSCIRCLECU.COM|WORKMENSCIRCLECU.COM|WORKMENS CIRCLE CREDIT UNION|GA|SAVANNAH|13|1|-1|-1||||69500|0|-1||||
2017|24673|5|6|-1|420173225|2693|0|24673|0||FIRSTFEDCU.COM|FIRSTFEDCU.COM|FIRST FEDERAL CREDIT UNION|IA|CEDAR RAPIDS|19|1|-1|-1||||117827|0|-1||||
2017|82|5|6|-1|210647676|3074|0|82|0||||FIRST ATLANTIC FEDERAL CREDIT UNION|NJ|EATONTOWN|34|1|-1|-1||||242214|0|-1||||
2017|9915|5|6|-1|590772729|4080|0|9915|0||MCCOYFCU.ORG|MCCOYFCU.ORG|MCCOY FEDERAL CREDIT UNION|FL|ORLANDO|12|1|-1|-1||||540643|0|-1||||
2017|12877|5|6|-1|570401572|5283|0|12877|0||SECUREDADVANTAGEFCU.COM|SECUREDADVANTAGEFCU.COM|SECURED ADVANTAGE FEDERAL CREDIT UNION|SC|SIMPSONVILLE|45|1|-1|-1||||77551|0|-1||||
2017|17362|5|6|-1|10281690|7287|0|17362|0||lincolnmainefcu.com|LINCOLNMAINEFCU.COM|LINCOLN MAINE FEDERAL CREDIT UNION|ME|LINCOLN|23|1|-1|-1||||59162|0|-1||||
2017|64531|5|6|-1|951442266|7296|0|64531|0||ALTAVISTACU.ORG|ALTAVISTACU.ORG|ALTA VISTA CREDIT UNION|CA|REDLANDS|6|1|-1|-1||||151216|0|-1||||
2017|1911|5|6|-1|250974253|7979|0|1911|0||MVCFCU.COM|MVCFCU.COM|MON VALLEY COMMUNITY FEDERAL CREDIT UNION|PA|ALLENPORT|42|1|-1|-1||||151970|0|-1||||
2017|64896|5|6|-1|231278971|7997|0|64896|0||UECU.ORG|UECU.ORG|UTILITIES EMPLOYEES CREDIT UNION|PA|READING|42|1|-1|-1||||1153155|0|-1||||
2017|68668|5|6|-1|941175509|11387|0|68668|0||1STNORCALCU.ORG|CONTRACOSTAFCU.ORG|1ST NORTHERN CALIFORNIA CREDIT UNION|CA|MARTINEZ|6|1|-1|-1||||691361|0|-1||||
2017|4714|5|6|-1|620519112|11471|0|4714|0||USFCU.ORG|USFCU.ORG|UNITED SOUTHEAST FEDERAL CREDIT UNION|TN|BRISTOL|47|1|-1|-1||||152278|0|-1||||
2017|9373|5|6|-1|910620623|12188|0|9373|0||YOURACU.ORG|YOURACU.ORG|AMERICA'S CREDIT UNION, A FEDERAL CREDIT UNION|WA|TACOMA|53|1|-1|-1||||599202|0|-1||||
2017|68433|5|6|-1|150542361|12281|0|68433|0||americu.org|americu.org|AMERICU CREDIT UNION|NY|ROME|36|1|-1|-1||||1432467|0|-1||||
2017|24858|5|6|-1|480672349|12898|0|24858|0||MAINSTREETCU.ORG|MAINSTREETCU.ORG|MAINSTREET FEDERAL CREDIT UNION|KS|LENEXA|20|1|-1|-1||||416660|0|-1||||
2017|9381|5|6|-1|990083978|13082|0|9381|0||||KAUAI COMMUNITY FEDERAL CREDIT UNION|HI|LIHUE|15|1|-1|-1||||459473|0|-1||||
2017|61330|5|6|-1|540314180|13390|0|61330|0||bayportcu.org|bayportcu.org|BAYPORT CREDIT UNION|VA|NEWPORT NEWS|51|1|-1|-1||||1518675|0|-1||||
2017|4746|5|6|-1|20224611|14070|0|4746|0||NHFCU.ORG|NHFCU.ORG|NEW HAMPSHIRE FEDERAL CREDIT UNION|NH|CONCORD|33|1|-1|-1||||256770|0|-1||||
2017|177|5|6|-1|741110017|14874|0|177|0||||PEOPLE'S TRUST FEDERAL CREDIT UNION|TX|HOUSTON|48|1|-1|-1||||504694|0|-1||||
2017|61365|5|6|-1|381524350|16690|0|61365|0||||4FRONT CREDIT UNION|MI|TRAVERSE CITY|26|1|-1|-1||||458969|0|-1||||
2017|68476|5|6|-1|590637653|17473|0|68476|0||tfcu-fl.org|tfcu-fl.org|TROPICAL FINANCIAL CREDIT UNION|FL|HOLLYWOOD|12|1|-1|-1||||654700|0|-1||||
2017|67541|5|6|-1|41896000|18292|0|67541|0||LIBERTYBAYCU.ORG||LIBERTY BAY CREDIT UNION|MA|BRAINTREE|25|1|-1|-1||||645703|0|-1||||
2017|9475|5|6|-1|520651037|18489|0|9475|0||aplfcu.org|APLFCU.ORG|APL FEDERAL CREDIT UNION|MD|LAUREL|24|1|-1|-1||||426883|0|-1||||
2017|23017|5|6|-1|720461181|18582|0|23017|0||xplorefcu.com|xplorefcu.com|XPLORE FEDERAL CREDIT UNION|LA|NEW ORLEANS|22|1|-1|-1||||147066|0|-1||||
2017|14565|5|6|-1|10267010|18788|0|14565|0||MAINESAVINGS.COM|MAINESAVINGS.COM|MAINE SAVINGS FEDERAL CREDIT UNION|ME|HAMPDEN|23|1|-1|-1||||331241|0|-1||||
2017|68304|5|6|-1|910615945|18890|0|68304|0||LOWERVALLEYCU.ORG|LOWERVALLEYCU.ORG|LOWER VALLEY CREDIT UNION|WA|SUNNYSIDE|53|1|-1|-1||||111078|0|-1||||
2017|14562|5|6|-1|351077721|19280|0|14562|0||evansvillefcu.org|evansvillefcu.org|EVANSVILLE FEDERAL CREDIT UNION|IN|EVANSVILLE|18|1|-1|-1||||67649|0|-1||||
2017|92834|7|6|-1|660190521|639893|0|92834|0||COOPACA.COM|COOPACA.COM|COOPERATIVA DE AHORRO Y CREDITO DE ARECIBO (COOPACA)|PR|ARECIBO|72|1|-1|-1||||-1|0|-1||||
2017|3606909993|7|-1|-1|456002413|726056|90374|0|0||ND.GOV|ND.GOV|BANK OF NORTH DAKOTA, THE|ND|BISMARCK|38|1|-1|-1||||-1|-1|-1||||
2017|1072246|7|10|-1|540259290|1072246|0|0|0||SUNTRUST.COM|SUNTRUST.COM|SUNTRUST MORTGAGE, INC.|VA|RICHMOND|51|1|675332|675332|SUNTRUST BANK|ATLANTA|GA|-1|1|-1||||
2017|1074736|7|10|-1|521075143|1074736|0|0|0||MTB.COM|MTB.COM|M&T REALTY CAPITAL CORPORATION|MD|BALTIMORE|24|1|501105|501105|MANUFACTURERS AND TRADERS TRUST COMPANY|BUFFALO|NY|-1|1|-1||||
2017|1093317|7|10|-1|371072798|1093317|0|0|0||townandcountrybank.com|townandcountrybank.com|TOWN & COUNTRY BANC MORTGAGE SERVICES, INC.|IL|SPRINGFIELD|17|1|590248|590248|TOWN AND COUNTRY BANK|SPRINGFIELD|IL|-1|1|-1||||
2017|1095432|7|10|-1|710456844|1095432|0|0|0||IBERIABANK.COM|IBERIABANK.COM|IBERIABANK MORTGAGE COMPANY|AR|LITTLE ROCK|5|1|808176|808176|IBERIABANK|LAFAYETTE|LA|-1|1|-1||||
2017|1097267|7|10|-1|621160688|1097267|0|0|0||BARTLETTMORTGAGE.COM|BARTLETTMORTGAGE.COM|BARTLETT MORTGAGE, INC.|TN|BARTLETT|47|1|225559|225559|BANK OF BARTLETT|BARTLETT|TN|-1|1|-1||||
2017|621259997|7|11|-1|621259997|1223440|0|0|0||GUARANTYTRUST.COM|GUARANTYTRUST.COM|GUARANTY TRUST COMPANY|TN|MURFREESBORO|47|1|22451|774132|VOLUNTEER STATE BANK|PORTLAND|TN|-1|2|-1||||
2017|471809999|7|-1|-1|952146137|1569885|0|0|0||GUILDMORTGAGE.NET|GUILDMORTGAGE.NET|GUILD MORTGAGE COMPANY|CA|SAN DIEGO|6|1|-1|-1||||-1|-1|-1||||
2017|1576230|7|12|-1|520945480|1576230|0|0|0||DB.COM|DB.COM|GERMAN AMERICAN CAPITAL CORPORATION|NY|NEW YORK|36|1|-1|2259688|DEUTSCHE BANK AMERICAS HOLDING CORP.|NEW YORK|NY|-1|2|-1||||
2017|202693054|7|-1|-1|202693054|1578449|0|0|0||MMCDCORP.COM|MMCDCORP.COM|MASON MCDUFFIE MORTGAGE CORPORATION|CA|BERKELEY|6|1|-1|-1||||-1|-1|-1||||
2017|840927358|7|-1|-1|840927358|1587704|0|0|0||MDCH.COM|MDCH.COM|HOME AMERICAN MORTGAGE CORP.|CO|DENVER|8|1|-1|-1||||-1|-1|-1||||
2017|721545376|7|-1|-1|721545376|1655797|0|0|0||FIRSTCAL.NET|FIRSTCAL.NET|FIRST CALIFORNIA MORTGAGE CO., INC.|CA|SAN FRANCISCO|6|1|-1|-1||||-1|-1|-1||||
2017|542024584|7|-1|-1|542024584|1864722|0|0|0||GMMLLC.COM|GMMLLC.COM|GEORGE MASON MORTGAGE, LLC|VA|FAIRFAX|51|1|-1|-1||||-1|-1|-1||||
2017|383024363|7|11|-1|383024363|1930074|0|0|0||UNIVERSITY-BANK.COM|UNIVERSITY-BANK.COM|MIDWEST LOAN SOLUTIONS INC.|MI|HOUGHTON|26|1|14587|137652|UNIVERSITY BANK|ANN ARBOR|MI|-1|2|-1||||
2017|620997810|7|-1|-1|620997810|1936928|0|0|0||VMF.COM|CLAYTONHOMES.COM|VANDERBILT MORTGAGE & FINANCE, INC|TN|LOUISVILLE|47|1|-1|-1||||-1|-1|-1||||
2017|1257809990|7|-1|-1|362736672|2026611|0|0|0||CROWNMORTGAGECOMPANY.COM|CROWNMORTGAGECOMPANY.COM|CROWN MORTGAGE CO.|IL|OAK LAWN|17|1|-1|-1||||-1|-1|-1||||
2017|267100004|7|-1|-1|440607186|2027364|0|0|0||jbnutter.com||JAMES B. NUTTER & COMPANY|MO|KANSAS CITY|29|1|-1|-1||||-1|-1|-1||||
2017|2185853|7|10|-1|631113916|2185853|0|0|0||synovus.com|synovus.com|SYNOVUS MORTGAGE CORP.|AL|BIRMINGHAM|1|1|395238|395238|SYNOVUS BANK|COLUMBUS|GA|-1|1|-1||||
2017|841040263|7|-1|-1|841040263|2212665|0|0|0||CCMCLENDING.COM|CCMCLENDING.COM|CHERRY CREEK MORTGAGE COMPANY INC.|CO|DENVER|8|1|-1|-1||||-1|-1|-1||||
2017|840849361|7|-1|-1|840849361|2213046|0|0|0||ULC.COM|ULC.COM|UNIVERSAL LENDING CORP.|CO|DENVER|8|1|-1|-1||||-1|-1|-1||||
2017|2219664|7|10|-1|710717727|2219664|0|0|0|||fwbank.com|FIRST WESTERN MORTGAGE, INC.|AR|BOONEVILLE|5|1|34742|34742|FIRST WESTERN BANK|BOONEVILLE|AR|-1|1|-1||||
2017|680295876|7|-1|-1|680295876|2269838|0|0|0||COMMERCEMTG.COM|COMMERCEMTG.COM|SIMONICH CORPORATION DBA BANK OF COMMERCE MORTGAGE|CA|SAN RAMON|6|1|-1|-1||||-1|-1|-1||||
2017|310985486|7|-1|-1|310985486|2277093|0|0|0||DEVELOPERSMORTGAGE.COM|DEVELOPERSMORTGAGE.COM|DEVELOPER'S MORTGAGE CO.|OH|COLUMBUS|39|1|-1|-1||||-1|-1|-1||||
2017|2318437|7|12|-1|133465439|2318437|0|0|0||emigrant.com|emigrant.com|EMIGRANT FUNDING CORPORATION|NY|NEW YORK|36|1|134058086|2833136|EMIGRANT CREDIT CORP.|NEW YORK|NY|-1|2|-1||||
2017|2318482|7|12|-1|133432069|2318482|0|0|0||emigrant.com|emigrant.com|EMIGRANT MORTGAGE COMPANY, INC.|NY|ELMSFORD|36|1|134058086|2833136|EMIGRANT CREDIT CORP.|NEW YORK|NY|-1|2|-1||||
2017|541773964|7|11|-1|541773964|2350222|0|0|0||cfmortgagecorp.com|cfmortgagecorp.com|C&F MORTGAGE CORPORATION|VA|MIDLOTHIAN|51|1|10363|928421|CITIZENS AND FARMERS BANK|WEST POINT|VA|-1|2|-1||||
2017|0|7|11|-1|0|2351078|0|0|0||||NORTHWEST CONSUMER DISCOUNT CO., INC.|PA|WARREN|42|1|28178|1002878|NORTHWEST BANK|WARREN|PA|-1|2|-1||||
2017|341812174|7|9|-1|341812174|2371254|0|0|0||firstmerit.com|firstmerit.com|FIRSTMERIT MORTGAGE CORPORATION|OH|CANTON|39|1|7745|12311|HUNTINGTON NATIONAL BANK, THE|COLUMBUS|OH|-1|1|-1||||
2017|562148606|7|-1|-1|562148606|2399940|0|0|0||CAROLINAFARMCREDIT.COM|CAROLINAFARMCREDIT.COM|CAROLINA FARM CREDIT, ACA|NC|STATESVILLE|37|1|-1|-1||||-1|-1|-1||||
2017|7745|9|1|1|310966785|12311|6560|0|7745||Huntington.com|huntington.com|HUNTINGTON NATIONAL BANK, THE|OH|COLUMBUS|39|1|-1|1068191|HUNTINGTON BANCSHARES INCORPORATED|COLUMBUS|OH|99554985|0|-1||||
2017|5649|9|3|1|510020270|30810|5649|0|0||DISCOVER.COM|DISCOVER.COM|DISCOVER BANK|DE|GREENWOOD|10|1|-1|3846375|DISCOVER FINANCIAL SERVICES|RIVERWOODS|IL|91146995|0|-1||||
2017|28892|9|3|1|221368780|35570|28892|0|0||MYINVESTORSBANK.COM|MYINVESTORSBANK.COM|INVESTORS BANK|NJ|SHORT HILLS|34|1|-1|2477754|INVESTORS BANCORP, INC.|SHORT HILLS|NJ|23184708|0|-1||||
2017|60143|9|2|1|421741646|60143|983|0|0||||COMERICA BANK|TX|DALLAS|48|1|-1|1199844|COMERICA INCORPORATED|DALLAS|TX|73018220|0|-1||||
2017|14695|9|1|1|951780067|63069|17281|0|14695||cnb.com|cnb.com|CITY NATIONAL BANK|CA|LOS ANGELES|6|1|-1|3226762|RBC USA HOLDCO CORPORATION|NEW YORK|NY|46120923|0|-1||||
2017|14583|9|1|1|362085229|75633|16571|0|14583||bmo.com|bmo.com|BMO HARRIS BANK NATIONAL ASSOCIATION|IL|CHICAGO|17|1|-1|1245415|BMO FINANCIAL CORP.|WILMINGTON|DE|106169829|0|-1||||
2017|110|9|3|1|710130170|107244|110|0|0||BANKOZARKS.COM|BANKOZARKS.COM|BANK OF THE OZARKS|AR|LITTLE ROCK|5|1|-1|1097089||||18874479|0|-1||||
2017|13688|9|1|1|720210640|112837|4297|0|13688||CapitalOne.com|capitalone.com|CAPITAL ONE, NATIONAL ASSOCIATION|VA|MC LEAN|51|1|-1|2277860|CAPITAL ONE FINANCIAL CORPORATION|MCLEAN|VA|286080320|0|-1||||
2017|25075|9|1|1|131726107|125471|30337|0|25075||SNB.COM|snb.com|STERLING NATIONAL BANK|NY|MONTEBELLO|36|1|-1|3083291|STERLING BANCORP|MONTEBELLO|NY|14175698|0|-1||||
2017|15289|9|3|1|460133550|131650|15289|0|0||greatwesternbank.com|greatwesternbank.com|GREAT WESTERN BANK|SD|SIOUX FALLS|46|1|-1|4809920|GREAT WESTERN BANCORP, INC.|SIOUX FALLS|SD|11418149|0|-1||||
2017|17266|9|3|1|930419143|143662|17266|0|0||umpquabank.com|umpquabank.com|UMPQUA BANK|OR|ROSEBURG|41|1|-1|2747644|UMPQUA HOLDINGS CORPORATION|PORTLAND|OR|24798295|0|-1||||
2017|708412|9|5|1|382734984|146672|32541|0|708412||flagstar.com|flagstar.com|FLAGSTAR BANK, FSB|MI|TROY|26|1|-1|3852022|FLAGSTAR BANCORP, INC.|TROY|MI|13980496|0|-1||||
2017|197478|9|2|1|952795851|197478|31628|0|0||EASTWESTBANK.COM|EASTWESTBANK.COM|EAST WEST BANK|CA|PASADENA|6|1|-1|2734233|EAST WEST BANCORP, INC.|PASADENA|CA|34750506|0|-1||||
2017|8846|9|1|1|351729164|208244|3832|0|8846||oldnational.com|oldnational.com|OLD NATIONAL BANK|IN|EVANSVILLE|18|1|-1|1098303|OLD NATIONAL BANCORP|EVANSVILLE|IN|14759060|0|-1||||
2017|210434|9|2|1|361561860|210434|913|0|0||ntrs.com|ntrs.com|NORTHERN TRUST COMPANY, THE|IL|CHICAGO|17|1|-1|1199611|NORTHERN TRUST CORPORATION|CHICAGO|IL|123547932|0|-1||||
2017|21541|9|1|1|940304228|212465|22826|0|21541||unionbank.com|unionbank.com|MUFG UNION BANK, NATIONAL ASSOCIATION|CA|SAN FRANCISCO|6|1|-1|1378434|MUFG AMERICAS HOLDINGS CORPORATION|NEW YORK|NY|115552770|0|-1||||
2017|214807|9|2|1|134941247|214807|623|0|0||DB.COM|DB.COM|DEUTSCHE BANK TRUST COMPANY AMERICAS|NY|NEW YORK|36|1|-1|1032473|DEUTSCHE BANK TRUST CORPORATION|NEW YORK|NY|53814000|0|-1||||
2017|15790|9|1|1|221186387|229801|9396|0|15790||valleynationalbank.com|valleynationalbank.com|VALLEY NATIONAL BANK|NJ|PASSAIC|34|1|-1|1048773|VALLEY NATIONAL BANCORP|WAYNE|NJ|22827478|0|-1||||
2017|233031|9|2|1|630371391|233031|12368|0|0||regions.com|regions.com|REGIONS BANK|AL|BIRMINGHAM|1|1|-1|3242838|REGIONS FINANCIAL CORPORATION|BIRMINGHAM|AL|125042021|0|-1||||
2017|16068|9|3|1|130822710|249612|16068|0|0||APPLE-BANK.COM|APPLE-BANK.COM|APPLE BANK FOR SAVINGS|NY|MANHASSET|36|1|-1|3446412|APPLE FINANCIAL HOLDINGS, INC.|NEW YORK|NY|12907397|0|-1||||
2017|23253|9|1|1|410585310|266271|28330|0|23253||tcfbank.com|tcfbank.com|TCF NATIONAL BANK|SD|SIOUX FALLS|46|1|-1|2389941|TCF FINANCIAL CORPORATION|WAYZATA|MN|21455203|0|-1||||
2017|4341|9|1|1|870189025|276579|2270|0|4341||ZIONSBANCORP.COM|ZIONSBANCORP.COM|ZB, NATIONAL ASSOCIATION|UT|SALT LAKE CITY|49|1|-1|1027004|ZIONS BANCORPORATION|SALT LAKE CITY|UT|63076162|0|-1||||
2017|14761|9|1|1|340797057|280110|17534|0|14761|||keybank.com|KEYBANK NATIONAL ASSOCIATION|OH|CLEVELAND|39|1|-1|1068025|KEYCORP|CLEVELAND|OH|134362217|0|-1||||
2017|288853|9|2|1|840521049|288853|18714|0|0||efirstbank.com|efirstbank.com|FIRSTBANK|CO|LAKEWOOD|8|1|-1|1060627|FIRSTBANK HOLDING COMPANY|LAKEWOOD|CO|16987318|0|-1||||
2017|311845|9|2|1|710118700|311845|8728|0|0||ARVEST.COM|ARVEST.COM|ARVEST BANK|AR|FAYETTEVILLE|5|1|-1|1845673|ARVEST HOLDINGS, INC.|BENTONVILLE|AR|16686060|0|-1||||
2017|13679|9|1|1|730780382|339858|4214|0|13679||bokf.com|bokf.com|BOKF, NATIONAL ASSOCIATION|OK|TULSA|40|1|-1|1883693|BOK FINANCIAL CORPORATION|TULSA|OK|32160352|0|-1||||
2017|10523|9|1|1|640180810|342634|4988|0|10523||trustmark.com|trustmark.com|TRUSTMARK NATIONAL BANK|MS|JACKSON|28|1|-1|1079562|TRUSTMARK CORPORATION|JACKSON|MS|13350429|0|-1||||
2017|705848|9|5|-1|540301610|370271|30746|0|705848||||E*TRADE BANK|VA|ARLINGTON|51|1|-1|3800041|ETB HOLDINGS, INC.|ARLINGTON|VA|35772782|0|-1||||
2017|249|9|1|1|251255405|379920|7888|0|249||FNB-CORP.COM|FNB-CORP.COM|FIRST NATIONAL BANK OF PENNSYLVANIA|PA|GREENVILLE|42|1|-1|3005332|F.N.B. CORPORATION|PITTSBURGH|PA|21652010|0|-1||||
2017|395238|9|2|1|0|395238|873|0|0||||SYNOVUS BANK|GA|COLUMBUS|13|1|-1|1078846|SYNOVUS FINANCIAL CORP.|COLUMBUS|GA|29874612|0|-1||||
2017|1851|5|6|-1|910591861|73|0|1851|0||||UTILITY EMPLOYEES FEDERAL CREDIT UNION|WA|HOQUIAM|53|0|-1|-1||||3560|0|-1||||
2017|242|2|2|-1|370274860|242|3850|0|0||||FIRST COMMUNITY BANK XENIA-FLORA|IL|XENIA|17|0|-1|3088643|FIRST COMMUNITY BANCSHARES|XENIA|IL|41142|0|-1||||
2017|28868|3|3|-1|750440734|279|28868|0|0||||MINEOLA COMMUNITY BANK, SSB|TX|MINEOLA|48|0|-1|3619711|MINEOLA COMMUNITY FINANCIAL GROUP, INC.|MINEOLA|TX|201787|0|-1||||
2017|14083|3|3|-1|0|354|14083|0|0||||BISON STATE BANK|KS|BISON|20|0|-1|-1||||8198|0|-1||||
2017|10202|3|3|-1|410383590|457|10202|0|0||||LOWRY STATE BANK|MN|LOWRY|27|0|-1|1127016|FINANCIAL SERVICES OF LOWRY, INC.|LOWRY|MN|46333|0|-1||||
2017|15173|5|6|-1|46061973|886|0|15173|0||||SAINT DOMINICS FEDERAL CREDIT UNION|MA|SWANSEA|25|0|-1|-1||||29438|0|-1||||
2017|12873|5|6|-1|146026102|1089|0|12873|0||||PLATTSBURGH CITY SCHOOL DISTRICT FEDERAL CREDIT UNION|NY|PLATTSBURGH|36|0|-1|-1||||6686|0|-1||||
2017|-1|-1|-1|-1|0|1164|0|0|0||||SPRINGLEAF FINANCE, INC.|CA|SUNNYVALE|6|0|-1|-1||||-1|-1|-1||||
2017|67758|5|6|-1|42264442|1294|0|67758|0||||CREDIT UNION OF THE BERKSHIRES|MA|PITTSFIELD|25|0|-1|-1||||20649|0|-1||||
2017|9392|3|3|-1|0|1351|9392|0|0||||BANK OF GRANDIN|MO|GRANDIN|29|0|-1|-1||||152646|0|-1||||
2017|15328|3|3|-1|480221490|1557|15328|0|0||||FIRST STATE BANK, KIOWA, KANSAS, THE|KS|KIOWA|20|0|-1|2942850|GRACE INVESTMENT COMPANY, INC.|ALVA|OK|68413|0|-1||||
2017|22430|3|3|-1|0|1856|22430|0|0||||WASHITA STATE BANK|OK|BURNS FLAT|40|0|-1|-1||||115792|0|-1||||
2017|13046|3|3|-1|390273550|2040|13046|0|0||||FARMERS & MERCHANTS BANK|WI|TOMAH|55|0|-1|1245602|F. & M. BANCORP OF TOMAH, INC.|TOMAH|WI|199119|0|-1||||
2017|64893|5|6|-1|951321381|2198|0|64893|0||UCSCU.ORG|UCSCU.ORG|UNIVERSAL CITY STUDIOS CREDIT UNION|CA|UNIVERSAL CITY|6|0|-1|-1||||71043|0|-1||||
2017|14537|5|6|-1|720691097|2282|0|14537|0||||JAMES WARD JR FEDERAL CREDIT UNION|LA|JENNINGS|22|0|-1|-1||||2151|0|-1||||
2017|61648|5|6|-1|450278490|2291|0|61648|0||||HOMETOWN CREDIT UNION|ND|KULM|38|0|-1|-1||||108705|0|-1||||
2017|68254|5|6|-1|910722603|2394|0|68254|0||||CONNECTION CREDIT UNION|WA|SILVERDALE|53|0|-1|-1||||30825|0|-1||||
2017|18525|3|3|-1|410557175|2554|18525|0|0||||STATE BANK OF MARIETTA|MN|MARIETTA|27|0|-1|3615272|DAKOTA FINANCIAL, INC.|MARIETTA|MN|15914|0|-1||||
2017|64528|5|6|-1|630368585|2590|0|64528|0||||CITY OF BIRMINGHAM GENERAL EMPLOYEES CREDIT UNION|AL|BIRMINGHAM|1|0|-1|-1||||8596|0|-1||||
2017|5408|3|3|-1|0|2750|5408|0|0||||GENOA COMMUNITY BANK|NE|GENOA|31|0|-1|-1||||59969|0|-1||||
2017|8521|1|1|-1|470162380|3252|5410|0|8521||||FIRST NATIONAL BANK OF GORDON, THE|NE|GORDON|31|0|-1|1050794|ISHAM MANAGEMENT COMPANY|GORDON|NE|196236|0|-1||||
2017|-1|-1|-1|-1|0|3449|0|0|0||||AMERICAN GENERAL FINANCIAL CENTER, INCORPORATED|IN|SOUTH BEND|18|0|-1|-1||||-1|-1|-1||||
2017|16103|3|3|-1|440502072|3458|16103|0|0||||FARMERS BANK OF GREEN CITY|MO|GREEN CITY|29|0|-1|1061165|GREEN CITY BANCSHARES INC.|GREEN CITY|MO|44505|0|-1||||
2017|9893|5|6|-1|520736007|3588|0|9893|0||||BEE FEDERAL CREDIT UNION|MD|SALISBURY|24|0|-1|-1||||7366|0|-1||||
2017|64892|5|6|-1|946062479|3793|0|64892|0||||JONES METHODIST CHURCH CREDIT UNION|CA|SAN FRANCISCO|6|0|-1|-1||||442|0|-1||||
2017|9897|5|6|-1|860171753|3980|0|9897|0||||SOUTHEASTERN ARIZONA FEDERAL CREDIT UNION|AZ|DOUGLAS|4|0|-1|-1||||31812|0|-1||||
2017|68229|5|6|-1|910760837|3999|0|68229|0||TLCU23.COM|TLCU23.COM|TACOMA LONGSHOREMEN CREDIT UNION|WA|TACOMA|53|0|-1|-1||||88350|0|-1||||
2017|66823|5|6|-1|390226526|4192|0|66823|0||||COUNTY CREDIT UNION|WI|KENOSHA|55|0|-1|-1||||13323|0|-1||||
2017|16440|3|3|-1|580515948|4231|16440|0|0||||FARMERS AND MERCHANTS BANK|GA|SYLVANIA|13|0|-1|1863239|SCREVEN BANCSHARES, INC.|SYLVANIA|GA|116277|0|-1||||
2017|1869|5|6|-1|990073423|4277|0|1869|0||||HAWAIIAN ELECTRIC EMPLOYEES FEDERAL CREDIT UNION|HI|HONOLULU|15|0|-1|-1||||35788|0|-1||||
